CLUSTER	NUM_HP	CONTIG_LENGTH_MEDIAN	CONTIG_LENGTH_MEAN	CONTIG_LENGTH_IQR	CONTIG_LENGTH_STD	HOR_LENGTH_MEDIAN	HOR_LENGTH_MEAN	HOR_LENGTH_IQR	HOR_LENGTH_STD	HOR_SPAN_MEDIAN	HOR_SPAN_MEAN	HOR_SPAN_IQR	HOR_SPAN_STD
chr21_968	348	1826114.5	1822820.778735632	539451.5	483438.5735520017	1189753.0	1159329.3362068965	490023.25	448060.4727420207	1239837.0	1197659.9166666667	492616.25	457925.8788714082
chr3_1009	141	6105296.0	6214917.794326241	847895.0	647443.3736962696	2426212.0	2399232.0212765955	411220.0	380239.04768217786	4792535.0	4890350.276595744	779613.0	646872.927151032
chr2_929	284	4398320.5	4368439.820422535	485031.0	403335.9002494856	2102223.0	2081232.63028169	407157.25	365979.3041021625	2135988.0	2116195.8943661973	409916.25	375558.67125950893
chr20_1081	251	7327988.0	7438476.306772908	883124.0	791582.0466287733	2793023.0	2841146.924302789	1098428.0	779984.8141470692	5759352.0	5838294.38247012	874124.0	811021.8768610358
chr4_1075	56	4635325.0	4690626.410714285	819817.5	651175.7543810839	2648779.0	2653235.4821428573	645391.75	494239.905326148	3413642.0	3480065.375	774067.5	650371.2208023845
chr16_1075	129	4188992.0	4141140.6666666665	588138.0	454669.10836168705	2108521.0	2060019.0930232557	588518.0	453887.1982082842	2187114.0	2142109.6744186045	572720.0	452462.8014703454
chr22_1031	92	5807043.0	5815351.315217392	418059.75	436007.94702387764	2509658.0	2531842.445652174	424140.5	393469.1658317278	2625651.5	2703138.663043478	448647.0	498705.2937078429
chr3_1061	50	6292362.0	6452023.2	1194864.0	990144.5870104022	2070940.5	2156415.24	321054.25	350695.41855457093	4716331.5	4897045.12	1175247.75	981510.074946797
chr3_1026	10	7202470.0	7244957.5	1024256.75	897125.5840598473	2552365.0	2536309.7	527612.75	320735.1305440709	6023708.0	6093680.9	1045478.75	881513.1922387712
chr11_1082	69	7346769.0	7364969.855072464	1025787.0	774250.7634101778	3781916.0	3793630.304347826	993310.0	743508.4401263754	3836155.0	3859258.492753623	1026475.0	742939.5585282597
chr4_1079	186	4809767.5	4910032.075268817	704725.0	686449.9865085463	2411501.5	2398434.306451613	609232.25	501258.05225060787	3547713.5	3671869.7311827955	763768.0	684445.3743117481
chr10_1111	64	4927833.5	5401805.453125	1331866.75	1134930.3981307975	2432310.0	2751917.296875	1032791.0	894706.6190889309	2734240.0	3038851.53125	1000123.0	893147.7143192393
chr9_914	21	2305668.0	2325706.523809524	131437.0	200050.9122667575	1627095.0	1649060.0476190476	132192.0	199379.3060775055	1644170.0	1664574.142857143	129539.0	199789.5815302404
chr13_1004	42	4334009.5	4410409.904761905	742225.75	983458.2783464615	2517361.0	2729049.023809524	1637519.0	1024912.8136253534	2602345.5	2805961.380952381	1648289.5	1042903.4256439803
chr10_1088	167	5405785.0	5397279.185628743	501749.5	466695.83561490744	2153351.0	2169254.143712575	466257.0	417390.1846525532	2578198.0	2581478.8023952097	464500.0	426253.91773080314
chrX_876	144	4464873.0	4488356.854166667	311186.75	393947.29058646807	3120565.0	3105208.888888889	317810.25	526306.926644136	3171086.0	3155808.527777778	326585.0	534483.9652904348
chr15_591	7	4627394.0	4634877.857142857	194991.5	285288.32753340877	1702706.0	1638548.142857143	89909.0	186498.92594098995	1728892.0	1663730.5714285714	91321.5	189364.3307761145
chr8_1105	167	3857401.0	3844930.041916168	536233.0	476577.81913334556	2435529.0	2423086.7305389224	528972.5	476465.9620581572	2677147.0	2666264.155688623	529173.5	477334.014027509
chr13_1025	267	3149055.0	3294103.0786516853	991782.0	896316.09467533	1489131.0	1547974.7265917603	392803.0	449209.9398332715	1534735.0	1610303.734082397	397316.0	492927.94882499054
chr22_1035	72	5540154.0	5462974.527777778	801540.5	730796.1574701428	2364273.0	2335261.9583333335	766541.25	717443.0461863626	2605003.0	2556474.138888889	853351.5	808497.3506826959
chr11_1095	6	7649458.0	7345975.166666667	88317.5	890663.2262085186	4109266.5	3821189.5	55448.0	870134.61923561	4135023.0	3855764.0	41875.75	880016.1360416069
	0			-1.0	-1.0			-1.0	-1.0			-1.0	-1.0
chr18_1098	377	6027952.0	6037420.297082228	1095708.0	998205.2067351383	4740261.0	4755561.145888594	1049424.0	995934.062260977	5502950.0	5507297.814323608	1088298.0	997298.5185507464
chr16_1068	50	3587929.5	3578341.58	260476.5	203747.72316234704	1494255.0	1495397.86	236559.75	202478.39460545022	1582812.0	1577355.22	236579.5	201862.3042849663
chr22_1026	107	5992975.0	5983605.355140187	503424.5	479990.3005447335	2848413.0	2805241.214953271	444180.0	436679.9733749594	2965751.0	2975607.6261682245	441686.5	467846.2586945433
chr16_1071	59	3795879.0	3817757.8305084747	489244.5	395628.84045974514	1712975.0	1702124.7627118644	351551.0	361589.4173554108	1793240.0	1779553.6610169492	351632.5	361673.17021103983
chr12_1072	81	4634032.0	4633599.864197531	352126.0	418142.54400113825	2632678.0	2626337.037037037	347407.0	411368.6570011881	3291315.0	3287809.901234568	350207.0	417511.5128824475
chr8_1086	31	3919826.0	3942211.7419354836	201419.0	258581.3107629098	2495010.0	2507963.4838709678	153036.0	252348.3629710948	2742981.0	2765355.193548387	201416.5	258583.00114784797
chr6_1084	194	4483298.5	4566476.5154639175	828198.75	807330.086785357	2447229.0	2525796.036082474	814896.0	806658.1194648213	2686997.0	2768099.3402061854	826693.75	808891.6205550045
chr17_1089	29	3778236.0	3883031.620689655	602331.0	762327.9191113707	2159981.0	2340273.1379310344	596087.0	773623.3808483725	2224175.0	2393583.724137931	599556.0	778411.1703609979
chr11_1085	48	6410355.5	6449922.541666667	914446.75	583954.6526885405	2856081.0	2885665.6875	906726.0	585731.6433523649	2910648.5	2940074.75	903708.5	583053.7975106913
chr16_1051	6	4071820.5	4194454.333333333	431612.0	593563.509773189	1938878.0	2041453.8333333333	369551.75	582608.306784727	2061777.5	2185414.1666666665	441943.0	598598.8057420151
chr13_1016	82	3124828.0	3187697.6341463416	1113175.75	791006.79492606	1418519.5	1363519.0853658537	427116.5	397881.1651039467	1491710.0	1443407.268292683	468116.75	436963.30045530293
chr14_726	151	5262365.0	5323174.8013245035	391553.0	431682.0412612508	1653339.0	1711764.8543046357	378200.0	415763.6537061795	3764135.0	3806655.238410596	395440.5	482298.21497951116
chr5_1103	254	6182405.0	6204629.913385827	759956.75	703862.297219199	3533539.0	3526278.3818897638	706826.0	687753.7875386185	5003409.0	5017931.173228347	766224.0	702490.8207822798
chr16_1070	179	3871941.0	3872513.681564246	369914.0	474383.8237124788	1771691.0	1748525.094972067	367878.0	366959.408649759	1852751.0	1834741.4301675977	363829.5	377449.2108378446
chr19_1087	102	5897948.5	5879563.598039215	515562.0	435079.9939971949	3453349.5	3419570.8039215687	520373.25	562830.8585568513	4821120.5	4756953.303921568	533570.75	645651.7525217689
chrX_881	235	4787270.0	4634193.957446809	1087067.5	723685.8552459176	3378289.0	3254117.059574468	1071064.5	746919.4775057641	3458102.0	3310665.3234042553	1081115.5	754577.2198517655
chr1_698	176	21808550.0	21933175.636363637	5192671.25	4150693.6444261293	4314886.0	4354691.3977272725	1310321.0	986310.8688471693	4384337.5	4413814.9772727275	1357860.75	986587.7934748518
chr12_1115	286	4880186.0	5043200.12937063	967622.25	840881.1059940497	2818534.5	2962285.772727273	922649.25	826503.2240277854	3504064.0	3656710.5174825173	948145.5	841006.2827035396
chr9_1101	133	3202817.0	3176505.052631579	504233.0	626357.2018866652	2525056.0	2487690.172932331	498843.0	624303.9272437927	2539720.0	2504102.6917293235	499680.0	625750.9413470344
chr9_969	9	2951558.0	2910036.888888889	153245.0	223200.06168706834	2280605.0	2234951.111111111	153905.0	201556.4754761333	2301001.0	2259482.4444444445	153272.0	223195.89712745117
chr14_696	5	5361127.0	5557594.0	75442.0	603215.4801801757	1734582.0	1872054.8	98794.0	595390.3983032478	3873012.0	4063881.6	114047.0	595452.5641420146
chrX_882	64	3983112.5	3970858.84375	511898.5	503128.2698541078	2645125.5	2630984.15625	504831.25	497834.9505335449	2681522.0	2667486.953125	511857.5	504432.81137472653
chr10_1108	85	4755228.0	4993630.070588236	541292.0	694007.464125426	1812937.0	1885859.705882353	428005.0	506081.7107071795	2175525.0	2269467.435294118	406506.0	534604.7048008697
chr11_1099	104	8690398.0	8488944.115384616	1406981.5	1027738.7493616473	5138282.0	4957976.711538462	1450133.5	1049329.4701186973	5233723.5	5028901.086538462	1405832.0	1034128.8256438351
chr19_1073	29	5828893.0	5688875.0	910043.0	699370.640621215	3521672.0	3369797.5172413792	1128149.0	939960.2524191276	4672367.0	4416963.344827586	1027475.0	1119951.477314699
chr22_1027	47	6496608.0	6413362.829787234	784550.5	732669.2785721299	3365313.0	3308506.936170213	895667.5	719602.6607921541	3445121.0	3425650.0212765955	883755.0	791826.165569474
chr11_1106	110	7069988.0	7154319.80909091	559918.25	697985.8637395251	3501341.5	3580858.609090909	556898.0	688776.1290174468	3568110.0	3649001.272727273	555641.5	695820.6201636159
chr7_916	228	5585286.5	5574838.96491228	1151835.75	868954.2882517824	2682680.0	2679222.3421052634	1260330.25	868752.4718827428	2734410.5	2812308.350877193	1186071.5	1004910.4517327886
chr4_1081	281	5339989.0	5375083.40569395	1757014.0	1319014.884160231	2840065.0	2938054.8754448397	1139580.0	921976.1003354166	4107454.0	4145281.590747331	1818330.0	1317110.9502258748
chr8_1115	200	3635851.5	3606472.05	338192.0	381332.9660155526	2210066.0	2182736.175	344419.0	381409.19912293984	2615751.5	2580797.735	343877.5	381324.96197910595
chr9_1097	55	3277470.0	3297457.8727272726	457252.0	547021.869828805	2584071.0	2596815.309090909	433048.5	545853.696868047	2606052.0	2617541.1454545455	445078.0	547739.1694140093
chr6_1090	115	4777149.0	4711073.826086956	639287.5	586858.9506169691	2714229.0	2653638.695652174	635605.0	585805.9552961407	2982591.0	2914081.2869565217	631617.0	581515.7055322733
chr2_934	139	4394321.0	4388083.9352517985	513798.5	507220.5271904858	2232695.0	2218405.45323741	452368.5	491153.9149466082	2252832.0	2245933.2589928056	461450.5	489803.1395620989
chr21_965	124	2546246.0	2587823.8870967743	582721.25	505663.99828045804	1963747.0	2000852.177419355	551225.0	504151.40730106377	2033340.0	2075429.064516129	580748.0	508652.279174481
chr9_1100	86	4671903.0	4557573.23255814	788674.75	747265.6422450283	3967685.5	3875153.1860465114	782829.5	750415.4175461123	4009540.5	3900000.0	789970.0	749342.764617729
chr19_1071	45	7793336.0	7594623.0	1510604.0	975901.2969968279	5844048.0	5683784.977777778	1515974.0	1015318.0721821855	6618373.0	6538680.911111111	1510812.0	962528.4618406174
chr17_1091	286	4981376.0	5035077.856643356	1082004.25	839734.0648534398	3289191.5	3321438.153846154	1074047.5	812775.871772656	3428165.5	3470856.29020979	1150987.75	842527.6373855104
chr18_1095	15	6792834.0	6337573.266666667	1951508.5	1018059.472888668	5412652.0	5007434.733333333	1769043.5	967324.4854981235	6249792.0	5789593.533333333	1930640.5	1013012.732387468
chr18_1090	40	5365594.0	5569278.3	1055885.5	965039.6365876857	4506892.5	4693545.825	1088513.25	972512.5582258932	4808995.0	5020338.375	1054972.75	963975.5747322617
chr16_1047	13	3840280.0	3975771.3076923075	219137.0	348111.5357715552	1756374.0	1886702.6923076923	217261.0	334285.8365865916	1833794.0	1967693.7692307692	226523.0	335519.22010001994
chr17_1076	120	4342678.5	4353491.366666666	736966.75	686038.0930508446	2799157.0	2821172.1	715528.75	681624.8747417668	2892277.5	2888975.0833333335	725703.25	671970.2672571084
chr3_1060	119	6758283.0	6885008.193277311	2138298.5	1514463.5074848037	1815492.0	1844389.8991596638	525359.5	409066.2753538077	5408531.0	5584526.924369748	2273953.5	1516074.4466502294
chr17_1088	67	4934029.0	4823165.328358209	887828.5	691577.1348552215	3354978.0	3231002.925373134	921649.0	693526.6961573423	3435221.0	3310505.4776119404	908034.5	695146.1361720861
chr5_1106	134	5849111.5	5783030.5	706306.0	670344.0612996736	3304433.5	3256016.029850746	720835.5	664409.9573682345	4682066.5	4619144.574626866	710744.0	672533.38618802
chr16_1074	45	3904796.0	3849491.933333333	333403.0	278265.35285059054	1835695.0	1771809.8444444444	323600.0	284583.1006637728	1912490.0	1855248.2	333815.0	276926.68227977207
chr14_643	5	5660892.0	5701085.2	107501.0	65111.31955121167	2029823.0	2074872.2	109591.0	62211.23000471861	4156629.0	4190110.8	90702.0	56009.21286002867
chr6_1080	65	4592947.0	4596541.846153846	708379.0	588010.009011731	2529396.0	2526184.5076923077	711243.0	567210.1100252148	2804607.0	2794947.6461538463	699131.0	582118.1467489931
chr1_670	67	18935360.0	19210457.925373133	4292733.5	3422117.5232267277	4124871.0	4354705.388059702	979192.0	926596.9473311264	4198027.0	4425750.76119403	970076.0	941970.4921162821
chr19_1101	48	6195985.5	6113417.333333333	746756.25	603742.9614559048	3261941.0	3243665.3541666665	479164.0	441244.75763855845	5131278.0	5043662.666666667	737005.75	602351.0730803387
chr6_1081	29	5344673.0	5150003.586206896	929347.0	1098051.2428780205	3323699.0	3047053.0344827585	1360361.0	1097381.328831944	3568749.0	3353543.172413793	932683.0	1096951.395098221
chr9_1112	80	3725991.0	3731618.4875	581907.75	559283.0819835901	3059469.5	3064039.7	579801.5	557778.1653645362	3076428.0	3080932.875	582084.25	559216.8246407202
chr7_910	70	6245157.0	6260008.428571428	1122850.25	972703.3804559447	3307963.0	3297570.7	1076790.5	916720.8295601397	3346077.5	3345475.0428571426	1102939.0	929434.0296255789
chr9_1085	11	3361687.0	3732543.090909091	1405875.5	1102137.9299816748	2686649.0	3057486.6363636362	1400802.5	1101557.5664200461	2698001.0	3069664.4545454546	1409786.5	1103126.6796880914
chr12_1105	34	4651397.5	4874065.264705882	863542.25	722732.9352161838	2626615.5	2838267.705882353	855470.25	707805.0175829127	3296101.5	3518826.0588235296	863724.0	718811.4593656603
chr9_1110	51	3868503.0	4078198.9411764704	1477280.5	859986.8659749965	3178487.0	3386431.31372549	1446765.5	845380.9246942467	3204799.0	3419311.0588235296	1477347.5	854639.5567860268
chr12_1088	10	5097184.0	5236174.9	888624.75	1056393.3227336882	3056305.0	3201909.4	869456.25	1045350.581191486	3736394.5	3882394.6	875934.5	1057681.862919953
chr8_1098	118	3756825.0	3754405.0423728814	395101.25	315035.0857456881	2338107.0	2326143.415254237	396130.0	309093.2573313675	2579561.0	2572547.5508474577	391264.0	307918.0535884548
chr10_1114	42	4824839.5	5061642.142857143	866264.0	679742.6522243214	2451228.5	2651479.6666666665	507435.5	573497.175687122	2821611.0	3021709.6428571427	485655.75	600022.192705335
chr6_1077	112	5265216.5	5427042.669642857	2151838.25	1331782.4599911568	3182882.0	3346041.3303571427	2148737.75	1332427.0222235853	3467013.5	3617790.1160714286	2186835.25	1335570.619999764
chr22_968	13	6259752.0	6207583.0	540036.0	435274.1953610008	3166761.0	3069729.5384615385	540816.0	430493.5413146201	3977950.0	3940371.6923076925	541822.0	431176.3620628232
chr18_1084	55	4602456.0	4619649.2727272725	1115796.5	803843.4783567298	3435677.0	3431856.0727272728	1251840.0	798916.3553693367	4041387.0	4050703.8	1165870.5	817738.5298918709
chr20_1091	296	7411352.5	7492860.496621622	1355034.75	1001148.5623181447	2748024.0	2897701.868243243	1139048.0	979378.7347369913	5945964.5	6063450.5	1229977.5	1028701.894405836
chr13_1009	31	3769422.0	4321052.0	1298942.5	1123466.993734514	1523324.0	1663597.1935483871	869334.0	596249.738119323	1628688.0	1750351.2258064516	889111.5	605936.0072547105
chr14_729	139	6166531.0	6180554.402877698	946232.0	683657.7506633161	2548866.0	2503276.7697841725	897330.0	658365.2780536476	4693359.0	4694037.892086331	951037.0	686499.8309005639
chr19_1099	28	7026231.0	6947088.25	1474723.25	1228237.9115891135	4285989.5	4249946.392857143	1558589.0	1309819.6875539026	5926969.5	5870740.857142857	1519463.25	1225968.3645802042
chr12_1096	13	5883671.0	5881267.692307692	308996.0	666458.6314835284	3840941.0	3830100.769230769	310999.0	660818.3690372307	4522422.0	4516152.769230769	310646.0	668586.534966885
chr11_1104	124	6213857.5	6302829.903225807	324238.5	550742.9085083775	2665648.5	2760492.8870967743	332595.0	543183.0073414105	2712187.5	2810067.314516129	330717.0	549218.94861285
chr10_1110	76	6169426.0	6307140.22368421	1080156.0	755714.1374848138	2459196.0	2496187.513157895	649413.5	536333.6831857943	2879613.5	2925803.2763157897	715239.75	585849.7228391503
chr7_918	92	6142373.5	6075530.717391305	1152510.5	880697.4696279183	3667737.0	3592783.402173913	1187259.5	883346.4135424624	5575974.0	5491654.8369565215	1166522.5	883045.5896136608
chr5_1107	102	5599437.5	5725254.0784313725	918127.75	827521.9346524085	2755148.0	2852442.029411765	854446.25	826000.6752804333	4370668.5	4538977.274509804	963210.75	878911.64075424
chr11_1102	19	6784676.0	7094589.947368421	465043.0	993303.6412474214	3357497.0	3612132.3157894737	300799.5	1006262.8333487811	3389838.0	3654940.8947368423	301265.5	1009475.2973953512
chr10_1102	87	4691072.0	4777243.689655173	486320.5	476391.9076491908	2001097.0	2066161.551724138	413028.0	457654.214383441	2379373.0	2442620.8160919542	467132.0	465203.00357884594
chr13_1001	28	3524505.5	3714886.5	1163123.75	1215558.0704681834	1126924.0	1493120.142857143	1021961.75	675094.6582599287	1260602.0	1628074.4285714286	1015295.25	756651.9500202938
chr1_681	47	17975896.0	17847342.617021278	6304829.0	4228014.133310771	3780094.0	3802590.723404255	616515.0	426758.89372595906	3810825.0	3833953.5319148935	620364.0	431047.5735226637
chr17_1017	5	6268557.0	5963604.8	429522.0	1071310.4931490216	4871005.0	4551099.6	428794.0	1120991.8769649046	4929989.0	4633631.0	439069.0	1077844.0816720664
chr12_1076	45	4494579.0	4554803.355555556	397228.0	484397.19874153216	2413749.0	2461418.2666666666	392145.0	417744.5568578743	3090378.0	3152556.1555555556	362808.0	490274.7572150907
chr19_1069	13	5703360.0	5649848.461538462	311114.0	412466.7282930458	3594182.0	3560843.5384615385	334371.0	417643.5899335731	4635600.0	4582065.461538462	311136.0	412455.658852079
chr12_1082	8	5980193.0	6245081.5	998783.75	1273738.005619792	3896135.5	4071375.25	998237.0	1050667.4834237178	4586656.0	4873945.625	1013769.25	1269747.1947922702
chr7_830	20	6526935.0	6366500.9	596450.25	680170.3654134169	3690661.5	3559653.0	526253.75	669313.5764791142	5969189.5	5808871.45	596167.5	680250.1231286741
chr18_755	14	4675848.5	4625916.428571428	106353.0	143121.37590747356	3216785.0	3185835.5714285714	80302.5	136220.3431716504	4137746.0	4087278.214285714	106042.75	142839.99025869608
chr22_1029	95	6064236.0	6209617.7894736845	1036387.0	747716.3100738865	3007207.0	3136022.7789473683	1066127.5	752018.5481520001	3168371.0	3297919.357894737	1011515.0	799552.823544643
chr15_584	9	6867884.0	7222609.333333333	1053158.0	989488.572560972	3426689.0	3675336.111111111	967739.0	719378.0121996787	3472474.0	3735934.5555555555	1080084.0	737068.3340863164
chr19_1088	60	6011222.5	6033408.75	760362.75	728877.2050856337	3687142.0	3666022.1166666667	838991.0	817742.1993381801	4942595.0	4933280.3	738978.0	747045.2543823543
chr3_1064	59	8261861.0	8425335.305084746	2076713.0	1470690.8492923372	2808828.0	2574947.5762711866	1139518.5	676715.7734934982	7192934.0	7227011.525423729	2041785.0	1475537.2335831397
chr19_1098	38	5833128.0	6210428.552631579	1633494.5	1226857.6843945829	3625609.5	4029155.6842105263	1379987.0	1203219.8399159245	4764475.5	5081696.105263158	1747269.0	1284177.2838772563
chr7_893	16	5160034.0	5457820.625	658225.0	785426.625843295	2009170.5	2398347.75	646796.5	752841.3008195463	2037490.0	2418780.375	630898.75	753579.9100814613
chr16_1009	10	4358801.5	4378014.1	161067.75	301666.62497401185	2260838.0	2274519.2	157411.0	296656.6731787962	2363937.0	2374236.1	150418.75	300439.89059985953
chr17_1071	19	4955444.0	4820408.0	1371773.0	793471.6137298871	2941880.0	2791937.1052631577	1406903.5	801381.7239205529	3113229.0	2968839.4210526315	1390019.5	788478.9580774645
chr17_1047	10	3701352.0	3593281.5	178129.25	279755.7209047644	2118052.0	2007304.8	109197.75	301842.4099970785	2185319.5	2091621.6	104320.75	274180.4419737727
chr13_1000	32	3662462.0	3643887.6875	1173178.75	861777.4075527197	1779560.0	1634027.5625	629114.75	598465.3420845547	1816025.5	1669351.3125	627509.75	606422.4847638196
chr18_1092	33	6464553.0	6401403.939393939	2061985.0	1170246.3668061509	5323910.0	5203289.333333333	2300023.0	1229567.5303802367	5928481.0	5860831.878787879	2083270.0	1174268.676133915
chr3_1051	51	6424864.0	6364390.392156863	1230029.0	1204804.0622301716	1577476.0	1604534.4117647058	338690.0	341845.5343801452	5161571.0	5081374.196078432	1180002.5	1201779.499315528
chr4_1072	12	4447343.5	4419513.583333333	1772297.0	985437.1599897321	2582288.5	2621470.25	1005795.0	828083.799400226	3336065.5	3278940.6666666665	1757329.25	1002170.6008984456
chr19_1080	18	7105150.0	6944245.666666667	1592101.25	1137546.703179	4426984.0	4132558.8333333335	1361311.25	1372903.3962674204	6034370.5	5718786.833333333	1374840.0	1281073.26510521
chr14_710	9	6337248.0	6695327.444444444	246898.0	1012188.474500193	2537378.0	2985012.0	273019.0	1100385.7582059575	4783944.0	5180023.666666667	348582.0	1052081.499451207
chr9_1099	54	3609405.5	3623110.203703704	577486.25	563818.9111848208	2913853.5	2941452.203703704	556953.25	561496.4870177369	2960051.0	2973215.5555555555	577370.75	563614.7412690013
chr8_1102	5	4544727.0	4777354.6	328436.0	447629.62137720507	3120280.0	3360087.0	326943.0	448229.88133043965	3357257.0	3600537.0	323201.0	448354.5610936728
chr3_999	19	6219351.0	6702061.263157895	2058217.0	1229576.0272718598	2730014.0	2803622.052631579	813731.0	513599.6452808434	4999009.0	5406403.947368421	2103217.0	1234178.9369385298
chr8_1075	6	3203227.5	3134343.5	50603.0	188170.17274451334	1786680.0	1717980.1666666667	50530.75	187863.65344942771	2026916.0	1958174.3333333333	50534.0	188034.09478035272
chr22_976	32	6630167.0	6606507.65625	537890.75	492603.5617813296	3497746.0	3453671.78125	540301.25	501180.91728956386	4415089.5	4369206.34375	661204.75	548729.0488285611
chr13_981	9	4347456.0	4398394.777777778	1160725.0	929789.9038564812	1427368.0	1373159.4444444445	279209.0	203425.7431970639	1542518.0	1486968.2222222222	298983.0	202185.6169512175
chr19_1090	69	6553021.0	6417800.405797102	1033614.0	1177881.0339800916	4128639.0	4011066.855072464	998537.0	1160496.8551396837	5484330.0	5348659.724637682	1033590.0	1177686.5303299825
chr14_712	20	5411224.0	5378387.35	482470.75	415211.11499234557	1718909.0	1685694.3	468403.25	241826.767673865	3890443.5	3914139.4	452148.25	397160.6037595795
chr8_1071	10	5290728.0	5222416.3	1883319.5	1061195.6639728027	3822733.0	3792888.4	1888918.75	1060324.5366953774	4116065.5	4047037.4	1889240.0	1063307.727218879
chr3_1033	20	5184649.5	5301350.3	286002.5	384714.9816082031	2063852.0	2110339.5	91276.0	169968.12948175406	3856156.0	3979265.0	253908.0	379411.2086572257
chr1_694	25	20581488.0	21022495.28	4812187.0	3044583.227250715	5320998.0	4981662.44	2204888.0	1208609.1367031871	5716075.0	5300237.2	2267255.0	1296641.2840821666
chr6_1088	19	4689415.0	4796445.2105263155	490424.0	486614.53757015924	2613482.0	2688285.736842105	464882.0	521567.69625149673	2875218.0	2984403.3157894737	484422.5	486785.43268387567
chr16_1030	23	4367536.0	4301631.956521739	320772.5	365695.3628156387	2252168.0	2183760.8260869565	336067.0	369202.1825369662	2350645.0	2286674.565217391	333476.0	365899.4621229899
chr3_994	11	8516151.0	8541997.454545455	2241397.5	2148654.4891378586	2715575.0	2611318.6363636362	568362.5	431186.89698813274	7250479.0	7295088.909090909	2283997.0	2165326.841560066
chr3_1048	17	6502610.0	6759087.705882353	2148930.0	1781122.464203359	2618290.0	2545389.117647059	648869.0	440470.33707431454	5455618.0	5670291.117647059	1968269.0	1752553.461473461
chr19_1107	21	4240586.0	4862987.952380952	427298.0	1230912.5726261176	2302001.0	2714403.9523809524	801656.0	1241196.114456957	3175905.0	3771014.1428571427	420318.0	1220611.1930619546
chr19_1094	22	5577840.5	5504064.818181818	790725.25	593122.7612235844	3741206.0	3429199.090909091	1048565.25	658372.65561201	4509519.0	4435765.5	791379.75	593065.4854130079
chr14_727	22	5741763.5	5961040.545454546	615485.75	536613.0614892179	1759016.0	1891595.0	553723.0	414939.4784361415	3904510.5	4049005.5	648846.75	427833.49860761646
chr12_1006	11	4743679.0	4746150.454545454	96750.5	182173.0822851519	2660752.0	2663279.8181818184	132813.0	173619.45621722133	3337507.0	3341145.5454545454	131532.0	177119.23838045582
chr11_1089	43	6869300.0	6890114.209302326	399661.0	430524.81508865644	3307409.0	3319086.465116279	408015.0	426840.22433555406	3337249.0	3351689.11627907	413149.0	429453.0399597016
chr6_1075	9	4568540.0	4544699.888888889	951128.0	575375.4010603521	2488778.0	2442072.888888889	816662.0	576367.2592402444	2752472.0	2706428.888888889	956772.0	570591.2360820231
chr19_912	8	6363543.0	6782594.5	698176.25	973681.8731913564	4148737.5	4475889.375	721449.0	978112.4951740962	5289338.5	5699880.0	700364.75	973712.1430836587
chr9_992	10	3172283.5	3125611.2	405699.0	249182.64719001247	2461231.0	2420174.0	406123.0	248997.35420414945	2509789.0	2462987.1	405768.5	249201.75378928526
chr19_1026	33	5857799.0	5693470.151515151	597296.0	582694.5701096394	3925965.0	3788290.5757575757	545431.0	552100.498657402	4789099.0	4624115.151515151	596827.0	582680.8499188857
chr2_922	19	4464080.0	4423921.894736842	239833.5	291462.1346136473	2184577.0	2184963.5263157897	176525.0	284181.67983867263	2200257.0	2201408.8421052634	176489.5	285356.6368492559
chr5_991	30	7169616.5	7092475.366666666	1680345.5	1266851.6155916625	4769817.5	4583427.866666666	1546223.5	1131251.0314529184	6268404.0	6190738.666666667	1685902.75	1269114.4144628036
chr11_906	9	6111253.0	6111380.222222222	129936.0	64441.56578206681	2576689.0	2579941.111111111	116099.0	58518.851382363195	2595613.0	2598853.4444444445	117658.0	59033.50331614902
chr9_1102	16	2798864.5	2754708.1875	219491.5	431800.66954282176	2124460.0	2082181.5	220086.5	430976.5969661616	2135703.0	2093224.3125	221633.25	432727.6842279632
chr22_1006	14	6341706.0	7085142.785714285	1173009.25	1574934.382468395	3242927.0	3954379.214285714	1098147.5	1501458.7258074258	3318808.0	4040551.1428571427	1113426.5	1521529.55089207
chr3_1029	8	6673172.5	7169227.375	2145788.0	1244246.9149806397	2291261.0	2415806.25	752087.25	410681.92888649064	5314461.5	5778184.75	2170306.0	1213278.1025262275
chr10_968	18	5497709.5	5524012.5	475236.0	406391.91925214406	2805806.5	2796392.722222222	486238.75	384281.72245782596	3138635.5	3165861.8333333335	442768.5	408668.9779144931
chr12_1084	7	5373823.0	5476785.142857143	252962.0	700893.5570154783	3321274.0	3385140.5714285714	376668.0	705459.4219331724	3996950.0	4096105.5714285714	273465.5	702782.5019093406
chr11_1094	20	6974104.5	7232162.3	765841.75	750261.977630628	3450228.0	3703372.5	686931.75	733090.6795965392	3476683.5	3746187.1	708956.75	746103.4967036127
chr7_905	9	5498779.0	6027849.888888889	980842.0	766863.4893257477	2243602.0	2847227.0	1153785.0	861276.1239605449	4943309.0	5470881.555555556	977164.0	765206.1727239123
chr9_983	9	2399998.0	2369362.5555555555	46429.0	97552.83582130137	1710190.0	1676618.7777777778	63445.0	103427.8599299746	1738232.0	1707594.111111111	46409.0	97549.3414604174
chr22_962	8	5571439.5	5574953.375	369291.75	403711.14338912367	2477185.0	2477042.0	370942.25	394163.41216121445	3305292.5	3303816.25	374905.25	401451.564202689
chr12_1089	13	5466463.0	5770747.769230769	2093207.0	1293660.5435158375	3341573.0	3693478.846153846	2048418.0	1269933.115518218	4033068.0	4382201.230769231	2083487.0	1295623.6921118437
chr8_1114	11	4163363.0	4001151.090909091	469542.5	418353.39882865886	2746057.0	2583304.3636363638	470101.0	418510.60181129765	2986812.0	2882141.6363636362	627649.0	433132.05504794326
chr19_1055	8	5658499.5	5742045.375	204755.5	252350.27580043097	3392178.5	3465031.5	247353.75	318068.1851319664	4585646.5	4670610.875	204758.0	253346.94598990277
chr10_1116	18	5212325.0	5302658.0	645021.75	570096.3310868663	2432275.0	2526819.5555555555	1214038.5	723215.360591543	2939909.0	2939327.388888889	1349433.25	777989.1281526132
chr18_1089	17	4431862.0	4678741.588235294	1978019.0	1147656.6371463232	2997100.0	3267702.6470588236	2082155.0	1188332.6607179458	3915664.0	4161657.7647058824	1985827.0	1150071.150746364
chr13_1002	7	4414727.0	4399463.142857143	961153.0	1570091.4946018727	1847739.0	1781149.4285714286	558956.5	424336.04380838585	1967955.0	1863291.7142857143	577048.0	442554.3120310072
chr12_1102	19	5337672.0	5195502.842105263	185660.0	581899.3365891717	3262135.0	3124805.0	180490.5	567482.4602538635	3329683.0	3190893.210526316	183953.0	576671.9953505804
chr22_876	9	5587333.0	5517724.444444444	226591.0	188773.0878714648	2522985.0	2398684.5555555555	251050.0	247663.77727430747	2589899.0	2463863.6666666665	254568.0	251241.92928281298
chr15_513	6	4953170.0	4981850.666666667	27323.5	77115.28566676432	955198.0	954913.6666666666	251.25	16383.76548497526	970157.0	969868.0	256.5	16594.290632624223
chr16_1052	11	3695103.0	3746118.272727273	233648.5	219834.6907642608	1628133.0	1680239.6363636365	205640.0	215469.74028167978	1697694.0	1750062.3636363635	206628.5	215874.4576411358
chr7_898	8	6117796.0	6448859.75	482272.0	741752.3887610917	2943831.5	3206095.75	439664.0	646590.4620910143	5570349.0	5899696.75	480545.75	738616.5826868014
chr12_1087	16	4781148.0	4706320.625	805380.75	838837.7876807788	2750101.5	2671346.75	806517.5	832899.6681996777	3422801.0	3342831.125	817960.75	843278.9456717055
chr5_1098	36	4593332.0	4749459.083333333	907955.5	792810.3651685971	2100485.0	2305489.1944444445	775774.75	703899.0951766076	3668326.0	3771952.277777778	963283.25	794429.9845452033
chr15_597	10	6136701.0	5939741.1	200601.0	512969.3284604949	1736484.0	1700849.0	174534.5	161021.829583583	1761286.0	1725352.0	176734.5	162305.03365713722
chr7_747	13	6350235.0	6329563.923076923	207277.0	181685.4880484687	3241985.0	3213098.5384615385	280354.0	261895.88724326293	5738063.0	5737746.846153846	199051.0	184681.81328158535
chr4_1058	8	3248531.5	3311577.5	575203.25	475762.36460593285	1276292.5	1267914.375	183081.25	196497.94144318844	1833136.5	1893912.5	525377.75	431141.6088459634
chr19_1110	15	7415795.0	7776410.133333334	1557743.5	1185161.7945119722	5631877.0	5849498.4	1374189.0	1185502.399312436	6337027.0	6707809.2	1545923.5	1185633.9354170228
chr22_1036	8	3936902.5	4141831.375	762640.5	430915.3460689192	842859.5	1099979.25	910176.75	502279.69897707395	884587.0	1160817.625	914324.5	498676.69445556105
chr9_938	7	4055189.0	3890670.5714285714	341533.5	451661.1252723503	3300044.0	3128340.4285714286	317758.0	426949.34989014687	3391716.0	3228377.0	341529.5	452366.73036339297
chr8_1100	6	3001884.5	3207162.1666666665	933723.75	701700.3903343411	1586106.5	1792653.8333333333	926348.25	700238.6107124961	1829313.0	2033447.1666666667	929441.25	700674.4235042168
chr16_1012	5	3523264.0	3566837.8	103385.0	162137.0461914858	1449343.0	1487779.0	87387.0	157162.62535507607	1519958.0	1554583.2	110786.0	160892.31083305378
chr11_879	5	4910716.0	4960060.8	62979.0	145585.76082055553	1391576.0	1442787.6	59284.0	145694.17897877735	1424883.0	1476251.4	59484.0	146014.04812825375
chr15_379	5	3372212.0	3366755.4	416473.0	255012.51823253697	1540063.0	1500642.0	420622.0	259504.15018261268	1563118.0	1523586.0	426038.0	262827.54843242746
chr14_660	5	5259347.0	5131227.4	334721.0	191037.06193118653	1570769.0	1442272.0	340275.0	193274.4187120996	3702672.0	3592650.4	267910.0	175189.34290304306
chr13_883	5	2964047.0	3070226.2	119750.0	562120.424134989	1917844.0	1881240.4	121412.0	134552.17914363186	1975536.0	1937495.6	123245.0	139171.18331500958
